employee_id,age,years_experience,weekly_work_hours,meetings_per_week,emails_sent_per_day,projects_handled,remote_days_per_month,sleep_hours,stress_level,exercise_hours_week,sick_leaves_year,productivity_score,burnout_risk_score
1,50,29,66,6,148,7,9,6.3,9,2.6,1,80,9.57
2,36,28,51,18,195,3,6,7.9,2,1.6,13,77,0.0
3,29,28,34,6,194,3,7,7.0,7,3.6,1,65,0.0
4,42,29,31,5,13,1,5,7.3,6,2.5,9,89,0.0
5,40,15,56,23,144,3,0,9.0,5,6.8,10,41,9.6
6,44,18,50,20,70,3,3,4.4,4,6.8,10,94,0.0
7,32,17,67,22,116,4,13,5.1,4,5.0,7,79,8.41
8,32,0,44,3,63,4,16,6.0,6,7.8,2,95,0.0
9,45,13,50,12,97,3,19,5.7,4,8.4,6,53,0.0
10,57,1,39,23,77,8,17,4.1,5,5.8,7,45,4.57
11,45,27,52,14,138,8,10,4.5,6,6.2,2,81,5.62
12,24,29,68,16,64,1,13,7.4,5,2.8,1,79,0.0
13,43,3,34,13,12,7,8,8.4,7,8.9,12,70,0.0
14,23,0,30,23,175,2,14,6.6,9,0.2,12,56,18.9
15,45,7,42,22,130,1,11,6.7,10,3.5,7,64,9.16
16,51,28,50,23,138,3,9,5.3,7,7.2,2,71,1.35
17,59,2,55,12,111,4,18,7.8,7,0.8,6,51,4.39
18,23,31,74,8,47,6,18,7.8,4,1.8,11,88,0.0
19,42,9,50,6,94,5,5,6.9,1,5.9,0,52,0.0
20,54,9,47,18,166,4,19,5.1,8,5.6,13,58,15.39
21,33,18,66,21,142,8,5,4.5,4,7.4,14,83,15.52
22,43,33,74,10,101,4,7,4.3,1,8.1,11,87,0.0
23,46,32,61,15,30,2,0,7.0,5,1.3,5,64,3.27
24,48,22,65,13,118,3,16,8.1,8,0.2,11,70,10.97
25,49,27,46,7,56,6,16,8.3,4,6.9,11,98,0.0
26,37,31,64,18,93,8,14,6.3,8,3.0,12,76,13.19
27,36,6,40,20,92,8,6,7.9,8,6.3,8,64,3.22
28,24,28,50,20,44,9,18,8.7,3,1.5,11,55,0.0
29,58,7,55,17,78,7,2,5.4,9,4.7,2,96,0.0
30,28,0,33,13,138,2,10,6.0,3,5.0,13,77,0.0
31,42,2,63,13,149,8,19,8.7,1,5.9,6,82,0.0
32,30,23,47,21,197,7,18,5.7,2,5.1,12,88,0.0
33,39,22,69,7,36,8,8,8.6,6,5.0,5,97,0.0
34,25,7,64,24,65,3,9,8.9,10,3.3,7,62,15.74
35,46,2,70,5,32,7,1,7.3,2,0.7,2,53,4.28
36,35,32,58,7,162,9,0,8.1,6,0.9,2,45,27.24
37,30,27,58,12,30,3,15,7.7,1,4.3,3,64,0.0
38,47,7,67,2,70,6,17,7.5,1,3.6,2,62,0.0
39,23,33,71,24,72,2,16,5.5,5,5.2,8,99,0.0
40,41,34,50,16,131,2,5,4.3,10,3.0,10,82,18.76
41,49,31,71,12,61,5,13,5.7,9,6.9,3,51,14.19
42,28,23,42,20,97,5,14,7.3,8,8.6,5,52,0.9
43,29,13,70,19,162,7,13,4.5,3,3.0,7,75,23.57
44,56,31,46,18,64,2,2,4.1,3,1.9,10,78,1.13
45,35,15,38,20,55,7,18,4.7,1,1.2,12,73,0.0
46,38,3,70,22,41,5,11,7.6,3,6.2,7,45,4.77
47,57,20,30,15,64,6,1,8.9,1,4.4,14,77,0.0
48,25,13,31,19,105,8,2,8.9,8,1.9,4,89,0.0
49,23,30,58,20,142,4,17,6.5,1,6.5,4,91,0.0
50,27,17,62,16,45,7,0,8.3,5,1.5,5,79,0.0
51,25,6,39,16,119,6,19,7.7,9,5.5,9,47,11.4
52,50,9,69,5,186,2,5,6.5,7,5.3,6,47,21.17
53,39,6,50,8,115,8,4,6.9,4,7.3,12,79,0.0
54,47,32,57,14,67,9,0,4.7,9,0.6,12,72,23.76
55,55,22,40,4,48,5,18,8.7,9,8.9,9,73,0.0
56,31,20,63,17,89,4,0,5.8,2,7.0,13,83,0.0
57,57,18,37,10,106,6,15,6.2,10,2.2,6,54,12.81
58,35,18,51,9,122,8,11,7.4,10,1.8,12,75,17.87
59,52,28,37,21,70,3,7,5.7,6,4.3,3,99,0.0
60,36,17,44,14,146,1,15,5.3,4,8.2,5,96,0.0
61,29,1,46,18,15,4,0,7.2,8,8.4,6,74,0.0
62,35,0,52,18,118,4,3,4.1,7,5.2,4,85,2.3
63,44,4,53,18,44,1,9,7.6,7,8.6,4,61,0.0
64,42,19,74,2,48,9,10,6.6,10,0.1,1,62,21.38
65,37,10,48,9,159,3,16,7.0,9,0.4,6,79,5.61
66,39,1,34,20,178,5,6,7.2,5,9.1,11,84,0.0
67,45,2,61,7,127,6,11,6.6,6,7.8,5,94,0.0
68,47,22,73,4,14,8,6,6.9,1,4.5,10,90,0.0
69,46,11,30,6,179,6,11,7.4,6,7.5,0,61,0.0
70,50,19,52,14,96,3,14,7.8,2,9.6,3,44,0.0
71,36,4,66,16,85,6,1,7.6,6,7.7,2,70,0.0
72,22,29,37,15,167,1,13,8.3,9,8.4,11,52,0.0
73,46,8,42,24,66,4,12,4.9,8,7.6,14,67,7.42
74,28,33,37,17,136,6,3,6.0,9,1.7,2,97,7.79
75,30,34,52,19,38,7,13,8.7,10,8.3,6,59,0.0
76,45,21,72,23,174,3,13,6.0,8,2.0,10,72,29.43
77,22,23,30,23,96,9,15,4.6,3,8.9,11,55,0.42
78,29,16,74,12,150,7,6,6.6,8,4.6,9,68,20.74
79,45,9,53,4,169,1,18,4.5,6,6.8,3,62,0.0
80,32,29,64,23,55,2,1,5.0,6,5.0,14,63,0.0
81,38,22,53,11,125,1,9,9.0,6,0.9,11,73,0.86
82,29,31,46,11,121,9,17,6.7,3,2.9,7,46,9.89
83,56,16,34,22,160,9,16,5.4,10,9.8,10,77,7.26
84,56,16,49,17,54,7,4,9.0,1,9.6,8,76,0.0
85,54,13,50,13,154,3,11,8.8,4,3.2,2,43,0.0
86,26,8,69,3,113,5,5,6.2,10,10.0,4,73,0.0
87,49,1,60,10,94,4,8,5.3,6,8.5,3,81,0.0
88,28,24,65,4,143,7,19,8.2,10,6.1,13,61,19.45
89,30,8,40,16,117,9,0,7.6,2,0.4,11,44,16.86
90,29,21,44,4,27,2,14,7.4,7,9.0,9,89,0.0
91,33,3,48,20,103,8,5,8.5,7,5.6,14,81,0.0
92,55,25,36,19,159,9,18,7.4,4,8.7,5,62,0.0
93,54,28,57,9,42,9,17,5.4,4,8.3,10,93,0.0
94,44,33,72,18,167,7,5,7.5,1,8.3,9,99,0.0
95,45,22,34,9,135,9,12,5.5,2,7.0,3,54,0.0
96,58,10,34,8,169,9,0,7.8,9,2.9,7,70,7.33
97,56,5,59,8,179,3,12,7.1,10,3.4,2,98,5.26
98,43,17,61,4,131,4,6,4.4,8,3.1,10,48,33.73
99,48,20,37,2,147,2,14,6.6,8,0.2,4,82,1.9
100,56,33,39,5,124,3,11,5.7,9,5.8,12,97,0.0
101,22,16,67,6,173,5,0,5.6,7,7.0,0,92,3.05
102,56,24,61,2,171,5,14,7.0,9,8.5,12,64,5.99
103,58,11,57,16,37,6,3,5.6,10,1.4,14,64,14.68
104,35,22,46,6,20,7,12,7.9,2,5.4,5,88,0.0
105,24,21,60,14,176,7,4,4.4,6,0.1,10,60,31.96
106,22,20,37,9,56,1,1,7.3,3,1.0,4,48,0.0
107,26,26,69,9,136,2,0,8.0,6,0.5,7,94,0.0
108,47,30,54,6,156,9,15,7.4,3,7.3,8,87,0.0
109,35,5,38,10,127,2,5,6.5,8,0.8,7,77,0.0
110,48,26,31,2,152,6,15,8.8,4,7.2,7,61,0.0
111,30,33,44,5,135,1,13,5.5,10,2.5,11,82,2.15
112,36,11,32,4,165,3,2,4.1,6,8.8,13,62,0.0
113,36,6,65,3,161,2,14,6.2,9,8.1,12,88,0.0
114,47,9,33,9,81,3,2,4.2,2,9.6,2,43,0.0
115,34,16,43,24,116,5,1,8.8,2,8.8,3,68,0.0
116,53,25,70,10,146,6,0,5.0,7,9.3,14,54,18.0
117,53,20,70,3,184,9,8,7.9,2,8.6,10,40,8.01
118,25,27,54,15,42,4,8,7.9,2,6.9,3,93,0.0
119,51,1,39,15,199,7,6,5.1,4,1.7,14,69,18.04
120,58,0,50,5,28,6,2,7.1,9,2.7,14,68,0.0
121,44,25,65,7,83,2,17,4.2,8,2.1,13,59,17.05
122,36,28,41,12,177,8,10,6.4,2,6.0,10,72,0.0
123,50,20,56,4,184,7,6,4.1,8,5.0,4,80,19.57
124,57,10,69,9,166,7,8,8.6,4,8.7,12,83,0.0
125,34,10,31,4,187,8,0,8.9,2,9.5,8,75,0.0
126,53,34,42,15,107,1,13,5.1,10,4.0,11,99,0.0
127,28,33,61,14,150,1,19,5.0,7,5.1,8,61,3.31
128,43,23,60,14,138,8,5,7.8,6,9.7,9,52,4.93
129,49,21,45,3,171,4,6,5.3,10,2.8,12,46,22.86
130,23,4,61,14,102,5,9,8.5,5,7.9,11,47,0.0
131,27,32,61,20,185,8,6,6.9,1,2.3,13,67,13.14
132,49,19,63,7,57,5,1,5.8,2,6.8,0,84,0.0
133,49,18,40,17,186,4,3,8.2,8,2.5,13,82,0.0
134,41,34,39,3,73,6,16,6.5,1,8.8,13,48,0.0
135,51,16,44,9,70,5,0,8.6,3,5.6,7,64,0.0
136,32,33,46,18,166,7,9,8.6,2,1.9,13,95,0.0
137,49,8,69,24,48,7,18,4.8,5,2.2,0,55,16.58
138,46,25,47,3,137,4,14,4.0,4,4.9,1,49,6.64
139,54,1,38,11,97,5,9,8.9,7,9.6,6,50,0.0
140,22,8,54,17,35,3,18,8.5,5,7.7,14,70,0.0
141,48,8,69,7,26,4,11,4.3,8,4.9,7,51,23.19
142,34,16,43,3,80,4,15,8.2,4,3.4,0,99,0.0
143,24,0,54,3,22,3,8,6.3,6,5.5,14,70,0.0
144,27,24,51,14,78,5,14,5.3,4,7.5,2,53,5.74
145,29,24,59,16,35,5,16,8.4,2,7.8,6,90,0.0
146,48,34,49,3,58,7,13,5.0,1,3.2,12,83,0.0
147,30,2,50,8,16,4,17,8.7,1,7.2,8,71,0.0
148,58,29,73,4,67,4,1,5.0,8,6.6,7,89,3.87
149,54,33,61,9,58,9,3,7.1,4,9.6,7,92,0.0
150,45,11,50,24,112,6,17,5.1,5,9.3,14,56,6.7
151,36,18,64,15,62,4,6,6.7,8,7.9,8,74,0.0
152,53,16,61,24,71,2,12,7.4,7,7.2,9,40,9.71
153,53,9,59,23,26,6,14,5.0,8,2.7,2,68,12.19
154,45,11,68,8,180,2,0,6.6,8,8.5,7,90,0.27
155,33,15,41,22,34,5,10,6.3,6,4.3,0,43,0.0
156,23,23,70,8,140,6,9,4.4,10,2.7,7,62,36.95
157,24,18,47,2,38,4,4,8.1,2,3.8,12,67,0.0
158,58,7,50,18,126,3,15,5.7,6,8.4,6,55,0.46
159,38,30,42,10,169,7,10,6.9,1,1.5,12,51,11.52
160,23,20,50,22,35,2,5,6.6,1,4.6,14,92,0.0
161,23,16,37,14,133,6,8,6.6,3,4.9,7,60,0.0
162,49,22,69,22,153,4,12,4.5,3,0.4,0,84,21.92
163,44,15,36,20,34,6,7,6.1,5,2.0,5,56,2.03
164,58,5,52,22,63,4,13,6.3,1,8.3,6,79,0.0
165,53,7,73,20,165,4,0,7.7,10,8.3,13,52,26.59
166,54,24,61,23,82,4,16,8.2,6,2.9,10,91,0.0
167,22,17,40,18,129,9,4,6.7,7,8.7,4,97,0.0
168,40,24,51,24,65,7,1,4.4,10,7.7,13,71,4.87
169,23,11,51,24,74,3,8,5.2,3,4.2,4,76,0.0
170,47,14,72,11,102,3,3,4.8,4,7.5,6,89,0.0
171,53,25,54,11,95,6,16,4.6,10,9.6,14,54,9.2
172,27,25,51,5,89,6,16,5.8,10,4.6,10,51,18.23
173,53,31,57,9,178,4,17,5.1,10,2.4,14,88,18.53
174,25,9,58,23,117,9,15,5.1,10,9.4,2,96,4.95
175,32,15,42,21,188,4,7,4.3,10,6.0,5,54,16.18
176,38,6,47,21,127,9,10,4.1,3,1.1,6,73,23.66
177,59,16,31,19,166,4,17,4.5,1,5.7,0,45,3.44
178,45,22,58,15,92,2,9,4.9,8,5.0,11,56,27.08
179,26,25,50,19,156,2,12,6.2,10,8.6,1,87,3.0
180,55,20,44,15,178,5,16,6.6,10,5.3,11,88,11.6
181,27,21,56,21,182,4,17,4.7,2,2.6,3,96,0.0
182,43,6,60,22,24,7,9,6.1,1,6.8,12,59,0.0
183,32,13,44,16,140,5,15,5.7,8,5.4,7,48,16.16
184,37,14,52,23,148,6,19,4.9,7,2.3,10,98,5.41
185,54,6,53,5,190,4,4,4.0,7,5.7,12,44,21.99
186,30,8,73,14,183,2,12,6.3,4,8.2,13,62,20.18
187,27,7,42,24,39,9,17,7.4,9,0.3,9,72,16.05
188,37,22,51,9,66,7,16,5.1,6,6.3,5,77,0.0
189,50,28,72,19,155,4,8,4.7,2,3.5,0,95,0.0
190,24,17,66,13,188,3,13,8.4,1,2.9,9,53,0.9
191,41,30,62,24,137,3,16,5.4,1,3.9,4,56,6.71
192,57,29,32,15,57,9,3,5.1,9,3.4,6,96,0.0
193,40,34,48,3,145,5,17,8.3,4,8.3,14,58,0.0
194,47,17,52,19,31,3,19,8.1,5,2.7,12,72,0.0
195,24,16,58,3,15,5,14,6.2,3,7.3,5,40,0.0
196,40,13,59,12,194,2,10,6.4,4,0.9,12,52,22.54
197,41,30,68,10,113,4,11,5.1,8,9.5,12,85,1.32
198,53,23,73,13,45,2,8,4.4,4,6.2,11,66,7.19
199,28,34,54,18,88,2,12,6.9,9,7.1,8,45,6.46
200,54,33,66,16,125,8,14,4.5,9,3.0,7,98,16.53
201,39,2,37,18,66,1,14,6.2,6,4.1,14,45,0.0
202,22,25,71,19,58,7,4,8.7,2,2.2,3,72,0.0
203,32,22,45,23,182,5,18,8.8,10,9.3,12,69,10.42
204,49,14,37,7,91,8,19,5.2,7,4.9,10,85,0.0
205,46,3,30,18,75,1,13,7.1,9,6.3,11,74,0.0
206,44,28,73,24,86,7,16,6.4,6,7.3,4,62,18.61
207,52,21,34,19,54,5,17,8.4,3,3.7,6,49,0.0
208,51,24,32,9,88,4,2,5.4,7,7.2,7,90,0.0
209,56,12,30,10,29,7,1,4.0,5,6.8,4,58,0.0
210,28,17,33,7,132,2,0,4.8,1,7.1,8,90,0.0
211,37,32,69,6,76,1,9,5.7,3,4.9,13,67,0.0
212,47,15,64,13,92,1,18,5.6,5,3.8,9,62,14.85
213,23,1,61,12,12,1,16,8.0,7,2.2,11,43,2.25
214,22,34,71,2,191,5,11,7.4,3,8.2,3,59,0.0
215,33,33,63,12,73,7,0,5.5,6,6.1,3,58,12.43
216,26,29,72,20,49,2,11,6.3,5,4.4,12,81,0.0
217,58,12,54,10,68,8,16,4.5,1,9.4,7,66,0.0
218,53,12,39,3,192,4,2,8.5,10,0.5,0,96,0.0
219,30,17,50,13,71,3,10,8.7,6,8.5,7,73,0.0
220,56,31,68,5,141,8,16,8.9,8,10.0,4,43,11.36
221,40,31,56,5,69,2,2,8.3,1,8.9,12,95,0.0
222,37,34,56,19,125,3,7,4.9,2,8.1,13,77,0.0
223,24,28,31,16,84,3,19,4.2,4,3.7,10,46,4.78
224,41,28,70,20,131,1,3,6.9,2,2.3,0,87,0.0
225,45,15,42,14,116,6,6,8.6,9,7.3,3,46,0.0
226,54,9,38,20,105,2,13,4.9,10,3.0,1,89,2.81
227,45,29,65,18,100,1,13,4.0,8,1.8,3,91,4.47
228,32,24,51,7,167,2,3,8.0,8,7.9,7,65,0.0
229,29,19,71,17,139,6,15,4.4,4,3.1,4,65,22.31
230,57,4,55,13,71,4,0,6.1,5,9.1,0,93,0.0
231,59,0,41,20,58,6,16,7.4,4,8.4,6,58,0.0
232,41,29,46,6,146,9,9,5.2,9,8.5,0,48,24.23
233,56,2,43,18,101,8,15,4.4,2,7.7,8,59,0.0
234,46,13,43,24,168,1,15,7.9,8,8.8,2,81,0.0
235,56,29,63,2,133,8,7,7.2,2,8.1,11,84,0.0
236,46,3,49,24,70,9,6,8.9,1,6.0,2,89,0.0
237,50,17,40,11,57,6,5,5.7,10,3.0,14,55,9.99
238,39,24,45,16,162,5,15,4.3,3,8.9,14,93,0.0
239,39,0,60,24,173,6,19,7.7,9,8.4,5,56,23.08
240,23,14,35,22,145,6,15,6.6,3,4.7,9,61,0.0
241,56,8,48,22,67,9,6,5.1,9,0.4,5,52,33.55
242,37,14,66,12,110,4,8,7.9,7,6.4,12,51,13.14
243,57,23,33,14,121,2,13,5.0,10,0.5,10,49,26.34
244,54,3,33,6,182,9,10,5.3,1,9.3,10,40,0.0
245,25,11,49,2,71,2,13,4.5,10,9.6,5,71,0.0
246,54,5,39,13,48,9,6,6.0,5,1.9,12,69,1.28
247,35,23,53,12,67,2,0,6.1,9,6.8,0,47,8.01
248,42,10,64,18,108,8,12,6.6,3,0.9,4,60,22.89
249,41,12,55,5,53,9,19,7.5,9,7.3,11,61,8.13
250,29,33,66,16,38,9,2,8.5,5,3.5,5,57,3.27
251,28,24,67,10,68,9,19,4.7,9,6.8,7,41,31.48
252,24,6,50,22,80,2,3,4.3,10,3.7,12,87,7.56
253,38,3,69,21,101,4,10,4.1,6,1.5,0,83,18.35
254,54,7,68,20,18,7,1,4.7,9,4.1,4,48,27.53
255,33,19,50,20,136,2,13,7.3,7,1.1,2,42,19.43
256,43,28,39,13,143,1,11,7.6,7,5.8,1,93,0.0
257,43,9,67,6,166,3,16,7.9,8,0.4,10,65,23.97
258,51,33,33,11,195,4,11,5.2,7,5.3,7,60,14.25
259,59,25,74,18,154,8,11,5.5,9,8.9,6,69,20.85
260,59,2,49,6,153,6,0,6.4,9,8.4,9,67,10.99
261,29,5,46,23,140,2,12,4.3,6,8.8,6,75,0.0
262,48,4,36,17,30,9,13,7.1,7,9.2,4,65,0.0
263,48,4,33,8,73,2,1,8.9,2,1.0,11,73,0.0
264,55,22,58,10,99,5,11,5.8,9,1.3,12,47,27.03
265,42,8,43,4,45,4,15,7.8,1,5.6,8,49,0.0
266,51,34,32,16,71,7,3,6.5,1,8.9,4,87,0.0
267,54,19,53,17,179,8,7,4.6,3,9.7,1,94,0.0
268,49,34,66,19,85,5,1,6.9,6,0.5,2,82,19.77
269,54,17,45,15,179,5,9,5.5,5,3.6,3,89,0.0
270,26,16,33,4,198,2,8,4.2,2,2.1,14,93,0.0
271,40,23,53,13,22,8,14,7.2,9,7.6,4,53,2.36
272,25,2,63,10,20,2,12,8.3,10,6.4,12,79,0.0
273,56,31,59,8,63,6,16,5.7,4,1.2,2,94,0.0
274,38,34,47,10,25,8,15,6.0,4,4.8,11,54,0.0
275,49,12,48,14,17,6,1,8.5,5,6.9,13,56,0.0
276,51,24,60,19,113,4,19,8.1,8,7.8,6,92,0.0
277,50,8,48,6,68,4,19,7.6,10,0.2,4,57,11.24
278,27,3,48,14,66,6,13,5.2,4,8.9,4,71,0.0
279,56,13,51,5,49,4,2,8.6,5,5.7,5,77,0.0
280,58,33,53,3,196,8,11,4.8,4,8.1,6,62,10.45
281,45,10,74,17,139,9,7,7.1,6,8.1,9,85,16.89
282,50,2,41,10,103,1,1,4.1,3,1.9,9,62,0.0
283,52,27,59,10,147,4,3,7.2,8,1.1,7,74,9.6
284,56,28,67,7,53,4,13,5.4,6,7.2,8,78,0.0
285,54,8,60,12,148,2,15,6.2,10,1.6,10,54,30.67
286,42,2,65,23,89,6,18,5.7,5,8.5,3,92,0.0
287,53,24,48,23,90,3,1,4.9,2,7.3,4,63,0.0
288,44,33,74,2,11,7,11,7.1,10,8.4,14,67,5.11
289,54,11,65,5,187,5,13,8.4,10,3.0,4,55,21.59
290,24,8,59,14,149,4,5,8.8,7,3.2,7,55,1.98
291,39,14,62,24,124,5,12,5.0,2,6.7,8,79,0.0
292,46,24,47,14,99,8,3,7.6,1,0.3,6,78,0.0
293,52,4,57,14,32,3,17,7.3,7,7.3,14,45,0.0
294,24,10,40,3,155,7,11,5.7,5,8.4,4,41,4.97
295,45,33,74,10,71,6,19,4.1,1,4.2,2,93,2.47
296,53,23,62,9,122,1,18,7.4,4,7.6,0,52,0.0
297,43,14,46,8,137,7,7,8.7,4,1.7,10,83,0.0
298,44,7,35,5,71,7,6,7.2,10,3.2,8,86,0.0
299,23,4,33,19,47,1,15,6.2,7,9.7,4,98,0.0
300,48,25,49,4,175,9,18,6.6,9,9.9,8,48,14.47
301,23,17,56,7,70,6,5,5.0,2,5.1,9,73,0.18
302,47,5,44,13,138,2,19,7.8,1,9.3,14,56,0.0
303,38,12,35,13,182,5,10,7.7,2,5.2,11,66,0.0
304,54,27,43,22,165,4,4,4.7,7,2.9,12,68,22.18
305,30,4,40,9,158,7,15,8.4,10,2.7,13,76,6.76
306,50,12,68,23,131,8,6,5.3,6,9.3,3,82,14.16
307,47,16,38,23,119,1,4,8.9,4,1.7,4,61,0.0
308,56,31,55,2,22,5,10,5.9,1,5.8,3,90,0.0
309,46,28,45,5,164,3,14,4.9,1,5.6,1,63,0.0
310,45,2,34,22,109,1,2,5.8,5,7.4,11,46,1.2
311,34,33,39,12,144,3,4,6.2,1,5.0,0,73,0.0
312,28,26,32,4,31,6,4,4.3,7,2.7,7,87,0.0
313,57,12,42,14,83,7,8,6.9,1,1.7,3,51,0.0
314,41,32,72,18,190,8,14,7.0,1,6.2,4,62,11.32
315,22,5,59,23,141,4,2,7.7,2,7.2,5,54,4.02
316,29,23,74,23,32,3,5,4.1,10,5.7,13,72,17.34
317,37,18,35,11,128,5,16,6.7,3,7.4,7,96,0.0
318,35,15,46,22,79,9,7,4.3,1,1.4,10,52,17.81
319,33,27,74,13,93,6,10,7.5,9,8.8,7,62,18.92
320,44,32,48,16,110,9,5,4.3,10,5.8,6,77,18.85
321,36,12,71,22,93,6,7,8.6,8,1.3,3,71,16.65
322,49,24,64,11,170,2,9,7.5,5,4.6,5,84,2.74
323,55,26,55,15,37,5,2,6.5,2,8.4,3,89,0.0
324,23,6,34,14,145,9,13,6.2,5,9.0,14,74,0.0
325,53,4,58,6,10,8,13,4.7,6,2.6,13,40,10.95
326,44,30,66,7,174,7,9,5.5,1,7.1,6,86,0.0
327,43,22,49,3,72,1,11,8.3,4,1.0,11,97,0.0
328,46,9,50,23,31,4,5,8.5,9,0.3,12,84,0.31
329,43,31,39,18,79,7,11,4.0,2,5.6,11,44,0.0
330,43,29,34,5,134,7,13,7.0,5,6.9,14,96,0.0
331,27,30,65,15,158,6,1,7.6,1,8.0,12,52,0.0
332,36,17,35,11,105,8,8,7.1,4,3.4,12,93,0.0
333,58,1,55,4,172,6,9,4.4,4,0.1,10,44,33.63
334,54,13,33,4,88,3,16,5.1,6,4.8,13,99,0.0
335,29,12,68,16,14,4,16,5.3,10,0.2,0,71,18.16
336,26,28,68,7,69,3,2,8.2,9,0.9,4,90,0.0
337,25,11,64,18,129,1,18,6.3,3,3.3,14,60,0.0
338,27,1,30,13,55,5,0,6.4,9,4.4,13,63,0.0
339,53,31,53,23,187,1,11,8.7,6,2.8,9,99,0.0
340,51,12,65,21,185,1,6,7.2,7,5.8,11,57,18.91
341,56,26,35,12,143,2,3,8.5,10,0.6,14,60,11.71
342,37,16,70,5,65,4,9,6.3,2,1.4,9,93,0.0
343,34,30,73,7,119,6,12,4.7,10,7.0,14,49,33.97
344,51,33,60,2,196,8,1,8.6,6,1.4,3,63,17.64
345,40,23,49,21,166,3,9,6.3,6,6.4,10,79,2.19
346,38,34,53,24,113,1,3,4.9,2,0.5,6,86,0.0
347,40,5,54,17,86,3,17,5.5,2,4.1,12,60,0.0
348,49,18,65,16,155,3,4,4.3,2,1.8,8,64,13.31
349,47,29,50,18,11,5,18,6.3,10,1.1,4,91,1.42
350,58,6,59,9,17,4,1,8.3,1,5.7,3,99,0.0
351,47,9,53,13,84,4,11,8.7,5,9.3,14,96,0.0
352,44,31,73,23,191,9,16,8.7,8,0.5,8,98,19.94
353,30,33,71,22,134,7,9,4.6,2,4.2,4,62,25.01
354,33,27,59,11,47,4,1,5.9,5,7.1,8,61,0.0
355,22,14,51,16,185,3,5,4.1,8,4.6,7,43,30.5
356,22,29,57,10,36,6,7,8.3,10,8.1,3,73,0.0
357,55,28,36,3,29,3,18,5.8,5,1.8,10,95,0.0
358,53,21,64,6,149,6,10,7.2,2,9.6,10,45,0.0
359,46,3,57,7,52,9,11,7.6,3,3.9,6,67,0.0
360,22,19,43,8,198,6,8,6.1,6,3.4,4,70,17.43
361,37,31,39,22,40,4,1,5.5,5,8.7,9,74,0.0
362,26,3,45,2,100,5,7,8.8,4,5.6,3,78,0.0
363,43,26,45,24,70,6,10,8.8,4,5.2,4,81,0.0
364,50,16,60,8,118,3,3,5.4,5,7.3,4,62,4.2
365,24,11,71,21,100,8,9,6.4,2,5.8,10,45,21.88
366,33,21,54,13,172,4,19,8.9,9,1.6,14,55,26.83
367,47,16,42,17,104,8,15,4.0,2,6.7,8,41,8.64
368,37,9,35,17,152,3,7,6.1,10,1.3,11,63,15.03
369,58,0,73,12,153,7,3,4.5,2,8.1,8,56,17.76
370,43,21,38,22,22,9,9,6.5,10,9.9,5,84,0.0
371,50,25,74,5,122,4,11,4.1,9,3.8,13,40,32.63
372,35,17,65,14,44,8,13,6.0,3,4.4,3,45,11.42
373,49,13,72,8,196,3,15,5.1,10,0.5,14,44,51.78
374,26,28,49,5,158,7,17,6.7,7,0.1,1,96,4.44
375,51,11,47,16,191,3,11,9.0,4,9.2,13,84,0.0
376,26,34,72,20,167,7,17,8.0,6,1.3,2,99,2.86
377,33,11,50,10,57,6,6,8.2,4,4.5,1,94,0.0
378,37,6,33,12,44,2,19,7.2,10,8.2,4,89,0.0
379,47,28,62,9,95,3,6,4.2,7,8.9,5,68,0.0
380,47,10,56,2,175,6,8,5.0,1,5.2,10,51,12.29
381,42,32,36,24,168,4,0,8.6,3,5.7,4,78,0.0
382,57,5,35,9,161,6,5,5.8,3,6.7,1,86,0.0
383,54,14,44,14,123,1,5,4.5,1,9.6,11,42,0.0
384,51,31,47,23,186,1,11,7.5,6,6.0,4,87,0.0
385,58,10,61,5,109,3,11,5.5,9,5.6,8,40,23.98
386,44,22,40,9,169,8,9,5.3,8,0.1,3,66,15.05
387,31,25,49,4,192,8,5,9.0,7,0.8,11,87,3.76
388,26,33,53,10,195,4,16,8.3,10,5.8,9,63,13.69
389,57,33,44,3,108,6,18,6.0,8,9.4,1,83,0.0
390,55,28,36,3,12,8,17,8.9,6,8.7,2,58,0.0
391,52,3,50,14,94,7,5,7.3,9,9.8,2,98,0.0
392,31,16,71,16,134,7,18,7.7,3,5.3,8,47,17.49
393,40,34,55,24,147,4,9,4.2,10,7.9,3,94,3.97
394,53,12,73,13,92,9,7,4.6,10,8.4,14,83,17.94
395,22,14,43,5,34,6,5,7.2,9,6.5,0,86,0.0
396,26,28,66,9,77,3,6,8.5,4,3.4,0,41,8.06
397,25,28,50,10,70,5,0,7.1,7,4.7,14,69,0.0
398,37,10,47,24,38,5,17,4.7,9,8.6,6,69,1.15
399,45,31,34,6,136,5,19,4.6,2,3.0,6,88,0.0
400,37,1,32,21,28,8,11,8.2,2,9.2,1,78,0.0
401,23,13,52,19,180,9,15,4.7,9,2.3,8,84,27.01
402,49,19,55,12,83,9,9,6.6,3,7.5,8,71,0.0
403,53,21,66,16,70,6,9,4.2,9,6.3,4,40,36.07
404,48,10,53,23,180,6,13,4.4,5,7.5,14,77,5.51
405,41,26,48,10,162,9,19,7.4,6,4.4,14,52,17.31
406,45,2,54,18,29,4,9,7.4,2,9.3,2,50,0.0
407,33,16,50,13,57,6,9,5.7,8,6.3,2,49,11.7
408,56,27,41,8,96,4,10,5.1,9,2.9,11,87,1.85
409,54,28,70,11,161,1,1,8.1,2,6.4,2,98,0.0
410,54,20,62,11,148,7,19,5.1,6,2.9,5,65,30.66
411,58,15,33,14,119,6,7,6.7,6,2.9,3,95,0.0
412,33,19,71,20,192,9,6,8.8,8,4.0,7,94,10.87
413,24,5,36,12,37,7,7,4.7,10,8.5,14,59,4.66
414,22,18,51,14,68,7,0,8.7,5,5.0,12,56,0.0
415,54,4,62,22,142,2,1,4.9,9,6.8,10,56,24.72
416,31,2,46,9,60,9,17,6.8,1,3.9,12,43,0.98
417,50,0,53,9,158,9,14,5.9,9,2.6,10,44,23.12
418,34,14,63,5,21,6,0,8.8,10,9.5,10,99,0.0
419,33,33,57,16,59,3,4,5.4,7,6.0,4,62,11.28
420,52,34,72,12,141,1,1,6.0,4,9.3,0,85,0.0
421,23,24,70,12,122,4,19,8.9,3,2.0,8,91,0.0
422,56,23,68,2,179,3,2,6.7,10,1.5,0,49,27.93
423,44,11,51,18,175,1,18,6.5,6,8.6,5,85,0.0
424,38,17,46,16,162,3,17,5.3,1,6.8,0,67,1.33
425,47,14,63,21,23,4,17,7.5,3,1.9,2,72,0.0
426,29,15,35,7,41,8,13,4.1,2,2.7,14,82,0.0
427,50,26,35,23,148,9,7,4.2,9,8.0,9,65,15.24
428,47,7,63,16,198,3,11,7.0,3,4.5,4,94,0.0
429,31,24,30,10,155,6,9,5.7,2,6.7,14,89,0.0
430,47,16,39,15,164,5,19,8.8,4,3.2,9,87,0.0
431,55,28,50,19,64,6,16,8.5,2,3.8,6,68,0.0
432,28,7,34,18,191,4,10,7.6,1,9.9,13,66,0.0
433,25,14,31,19,129,6,1,8.1,6,2.5,9,57,0.04
434,32,26,51,6,84,7,3,7.3,10,5.1,7,79,4.16
435,50,6,31,21,30,9,0,4.6,8,8.4,11,99,0.0
436,57,2,39,21,181,7,14,7.8,10,2.4,8,49,20.85
437,46,28,63,10,142,6,12,5.1,10,4.2,5,97,6.77
438,42,23,45,12,96,1,7,5.6,2,6.2,14,81,0.0
439,57,2,68,23,178,2,3,8.1,9,4.8,10,44,31.5
440,31,19,51,2,68,1,9,6.7,3,4.6,8,49,0.0
441,58,14,41,19,98,9,18,8.3,8,3.6,7,89,0.0
442,30,24,53,7,191,9,17,5.1,8,5.9,8,60,24.3
443,45,29,69,3,159,7,4,7.0,3,6.2,9,63,3.72
444,56,13,67,16,92,2,18,4.4,3,6.5,3,77,0.0
445,56,6,39,22,74,6,15,7.2,6,0.7,8,42,16.21
446,57,16,64,15,73,4,0,7.8,1,6.3,14,79,0.0
447,39,19,61,6,80,1,11,6.9,4,9.5,6,70,0.0
448,53,8,36,7,13,1,1,5.3,1,5.4,4,80,0.0
449,45,21,50,7,152,5,7,4.2,3,7.2,4,76,0.0
450,44,1,49,23,113,2,17,4.6,9,5.6,0,41,20.07
451,53,23,55,19,159,4,15,7.1,5,8.5,1,41,15.23
452,58,7,33,15,184,1,4,8.7,5,9.3,9,78,0.0
453,33,10,51,11,102,4,12,5.0,4,1.8,2,88,0.0
454,34,12,44,15,183,6,18,7.7,3,4.4,13,81,0.0
455,44,16,69,14,151,4,2,8.3,5,3.9,13,83,7.99
456,46,7,50,4,187,1,7,6.6,4,4.1,7,73,0.0
457,56,20,44,7,157,7,11,7.3,8,1.3,5,81,8.05
458,51,17,51,9,187,2,1,8.1,4,8.1,11,59,0.0
459,38,29,57,13,121,9,10,5.3,8,0.4,9,72,22.17
460,41,17,43,14,170,3,11,5.5,6,5.3,10,43,18.18
461,46,30,56,12,128,8,17,4.0,5,6.6,12,84,0.0
462,43,31,70,13,68,8,12,8.8,4,2.1,14,83,0.09
463,34,10,69,2,52,3,4,8.6,4,9.1,13,50,0.0
464,40,24,57,18,21,4,11,7.8,4,8.4,4,81,0.0
465,57,32,55,17,49,2,1,4.4,9,4.7,12,86,1.44
466,33,7,31,12,127,4,4,6.2,4,4.1,0,44,0.51
467,40,10,54,14,29,9,6,4.5,9,2.4,11,64,17.98
468,33,21,32,19,175,2,11,4.1,10,7.3,10,88,0.0
469,30,23,37,12,140,3,15,7.1,6,1.3,11,99,0.0
470,28,16,73,13,165,4,7,8.8,10,6.8,8,76,11.91
471,49,11,62,7,193,5,8,8.5,7,8.4,2,73,0.68
472,35,31,71,10,99,1,14,7.5,10,2.3,2,48,21.89
473,52,14,64,17,103,7,4,4.5,3,8.7,1,45,10.52
474,40,15,35,5,22,7,12,5.4,8,0.3,3,57,18.36
475,37,21,68,4,75,9,4,5.6,3,9.1,11,53,2.31
476,26,27,52,17,46,4,10,7.8,1,1.2,1,58,0.0
477,56,19,54,13,186,6,9,8.0,10,6.5,12,53,18.57
478,33,32,72,12,75,2,19,5.9,5,2.5,8,79,2.95
479,46,9,48,6,45,4,12,6.1,2,8.4,11,56,0.0
480,42,31,34,19,191,2,8,4.2,10,5.1,9,99,11.67
481,57,32,40,20,35,5,13,5.4,6,1.4,6,74,0.0
482,44,1,41,24,84,7,17,6.3,10,5.7,7,68,8.14
483,37,32,39,24,117,1,14,4.6,9,4.1,2,81,0.0
484,35,32,37,7,177,7,9,6.3,1,6.6,5,56,0.0
485,52,12,53,23,52,6,6,8.3,4,8.8,14,98,0.0
486,26,29,57,19,159,6,7,6.9,1,4.1,9,82,0.0
487,56,32,70,7,157,8,2,4.4,1,2.9,5,47,28.35
488,44,12,65,5,17,8,14,5.0,8,0.1,12,40,26.9
489,50,25,66,13,38,6,15,6.4,2,5.7,0,84,0.0
490,32,21,50,20,49,3,3,5.8,1,4.0,5,92,0.0
491,39,1,37,3,167,5,5,5.8,8,3.7,12,75,6.0
492,33,25,38,18,137,2,0,6.6,4,1.8,13,46,3.1
493,30,14,44,12,93,5,3,6.9,3,4.3,2,85,0.0
494,31,33,69,12,125,9,10,8.0,4,9.8,10,44,9.04
495,38,10,47,22,192,1,11,5.7,5,3.0,2,63,6.45
496,59,2,71,17,153,5,4,8.0,1,6.0,2,67,0.0
497,28,5,49,3,183,6,15,5.7,1,7.8,9,82,0.0
498,34,8,35,3,71,7,12,4.3,3,7.5,10,56,0.0
499,30,5,41,24,16,9,12,6.8,6,3.3,14,76,0.0
500,48,8,31,9,54,6,16,6.9,1,6.1,10,59,0.0
501,23,30,36,14,196,5,6,8.7,2,8.7,14,42,0.0
502,26,31,45,11,193,7,7,7.6,7,0.2,9,76,9.08
503,50,11,32,9,185,1,12,8.6,1,4.4,10,65,0.0
504,58,7,74,5,164,5,15,8.5,7,2.2,7,54,29.32
505,59,7,32,16,190,2,3,7.0,4,3.9,12,90,0.0
506,40,27,56,2,97,4,7,6.6,10,4.2,4,87,0.0
507,29,19,72,12,82,7,15,6.8,6,7.5,3,47,7.22
508,22,6,69,8,172,5,9,8.9,8,0.9,12,52,30.8
509,43,10,67,18,188,6,11,7.9,9,5.1,8,87,12.91
510,38,19,62,21,46,2,11,4.5,6,5.6,8,42,3.5
511,28,15,57,19,128,3,4,7.9,9,4.9,0,40,9.99
512,46,3,30,23,66,7,15,4.9,4,7.3,1,48,0.0
513,25,5,37,23,17,2,0,6.2,6,3.8,7,70,0.0
514,57,21,66,13,104,6,8,5.1,8,9.4,4,80,0.67
515,27,25,61,10,126,5,11,7.4,9,4.8,6,93,12.42
516,52,2,72,6,119,1,4,8.4,3,5.7,0,65,0.0
517,40,13,66,11,29,4,19,5.5,2,8.3,11,56,0.0
518,48,10,33,5,133,2,2,4.4,6,2.8,9,95,0.0
519,31,17,59,6,62,4,4,5.5,4,0.8,11,73,1.8
520,47,11,35,11,128,1,1,7.4,1,7.1,4,48,0.0
521,40,22,48,12,21,2,13,5.6,8,4.8,10,95,0.0
522,24,11,61,22,186,8,1,5.4,9,9.0,11,90,4.39
523,34,12,38,11,26,6,12,4.9,9,9.8,2,52,1.63
524,49,24,41,9,73,2,6,6.5,2,4.0,9,44,0.0
525,41,18,40,3,51,6,9,5.4,9,4.2,11,80,7.26
526,49,7,45,24,103,9,12,7.7,7,4.1,11,52,5.08
527,29,28,30,9,166,7,15,4.4,5,3.2,13,40,11.15
528,22,31,74,17,156,9,13,7.3,7,7.8,1,64,23.31
529,24,17,50,23,20,5,10,5.2,9,7.6,1,86,0.0
530,34,5,59,6,107,7,9,6.4,8,4.8,8,43,24.94
531,49,17,42,4,187,7,5,5.4,6,0.4,12,75,20.3
532,46,18,63,13,80,3,3,7.6,4,3.1,3,91,0.0
533,54,21,33,14,117,7,0,8.7,1,2.9,3,49,0.0
534,59,31,57,14,67,1,6,8.6,6,8.1,6,67,0.0
535,27,2,67,11,43,9,8,6.9,3,0.9,9,96,0.0
536,53,27,60,5,29,6,7,6.3,6,8.1,9,45,0.0
537,42,9,56,10,59,5,4,8.1,6,6.7,12,66,0.0
538,37,34,34,23,111,7,18,7.4,4,7.3,1,95,0.0
539,42,28,54,24,147,5,9,4.9,2,4.3,2,51,14.46
540,32,14,32,3,169,5,10,8.1,9,6.8,2,91,0.0
541,58,32,62,20,61,7,14,6.1,2,6.1,5,87,0.0
542,57,6,33,2,24,7,5,4.9,3,7.7,2,42,0.0
543,56,11,54,8,93,3,14,5.4,10,4.5,10,85,1.0
544,40,29,49,18,140,3,4,5.3,1,4.7,4,72,0.0
545,41,20,63,4,46,3,18,6.6,7,6.4,3,49,0.0
546,39,30,55,21,135,6,18,5.2,1,1.1,2,70,5.08
547,35,23,34,21,49,6,9,4.6,9,4.4,7,54,7.33
548,36,19,64,22,81,3,11,4.6,1,9.7,13,46,0.0
549,52,3,57,4,49,3,3,6.9,5,0.4,9,75,0.0
550,22,27,58,4,65,8,17,7.7,7,3.2,2,53,10.28
551,24,19,38,18,160,8,15,5.6,3,3.1,5,95,0.0
552,37,23,67,8,113,7,7,4.2,9,6.3,12,87,15.0
553,44,31,35,15,148,4,3,4.6,8,1.1,14,53,16.81
554,32,33,48,18,119,4,11,8.6,3,6.3,6,42,0.0
555,33,1,73,19,145,3,1,6.5,5,1.0,6,88,27.63
556,31,14,40,14,102,5,3,6.3,7,0.9,1,92,0.0
557,53,33,31,21,103,3,4,4.2,4,7.3,13,85,0.0
558,37,5,73,21,65,8,2,7.6,5,3.2,2,89,0.0
559,29,11,73,22,69,7,8,6.6,3,9.8,11,42,2.31
560,59,2,38,19,147,3,17,5.0,9,0.4,9,61,20.06
561,33,17,50,5,48,9,10,4.6,10,4.5,9,58,25.26
562,45,20,53,2,37,5,2,5.9,9,1.1,14,74,4.68
563,49,14,63,19,58,9,1,8.2,7,3.5,3,51,14.18
564,29,32,51,2,173,7,8,8.3,10,10.0,6,93,0.0
565,49,34,32,14,134,7,13,7.0,2,8.9,1,44,0.0
566,57,25,41,21,22,6,3,7.6,7,0.5,2,49,6.31
567,47,7,57,21,45,2,8,4.6,7,5.6,6,80,0.0
568,29,29,59,24,110,9,12,6.9,5,6.5,6,72,14.68
569,49,22,55,11,35,6,17,7.3,9,2.1,14,52,17.79
570,49,13,50,12,95,8,14,5.0,3,1.5,9,74,5.84
571,58,13,57,10,13,1,9,8.4,4,9.0,2,90,0.0
572,57,1,55,10,91,5,15,5.0,1,9.7,11,71,0.0
573,48,4,62,6,175,1,11,5.6,6,9.9,0,50,4.91
574,38,13,50,2,136,8,19,7.1,4,7.9,11,87,0.0
575,30,24,64,18,97,8,4,7.2,1,6.6,2,77,0.0
576,54,19,63,23,136,1,1,7.5,2,3.5,4,63,0.0
577,41,1,70,3,129,9,9,4.6,3,1.7,6,74,29.29
578,34,5,47,14,31,2,0,8.2,9,0.8,3,58,2.21
579,49,16,40,10,139,9,6,6.7,8,6.9,12,45,0.14
580,50,24,52,5,40,1,16,6.4,7,7.8,12,79,0.0
581,34,27,51,6,128,9,15,8.9,4,8.3,10,93,0.0
582,56,1,46,12,20,4,2,7.7,1,9.1,10,84,0.0
583,27,34,34,20,55,9,13,4.6,8,8.8,14,83,0.0
584,39,4,73,22,105,7,9,7.8,4,10.0,0,81,0.0
585,26,0,40,4,199,6,6,4.5,3,2.4,5,74,4.97
586,46,11,59,13,19,5,16,4.1,9,7.6,1,43,19.55
587,23,22,44,20,177,9,5,6.0,10,5.9,11,72,19.41
588,31,30,56,20,137,2,3,9.0,4,2.6,2,52,0.8
589,51,10,64,14,161,2,16,4.9,4,9.8,3,95,0.0
590,26,9,62,8,108,9,8,7.4,9,9.0,5,75,4.71
591,54,2,49,16,181,3,3,4.9,2,1.3,5,93,0.0
592,22,13,45,24,121,8,6,7.6,5,0.3,6,82,0.53
593,39,15,63,8,69,9,1,6.5,4,6.9,4,58,0.0
594,53,9,31,9,199,8,16,7.4,9,6.0,6,82,3.05
595,32,28,64,6,96,4,7,5.0,5,9.4,1,51,7.25
596,42,9,69,22,154,1,14,7.7,9,2.3,0,50,34.11
597,47,11,57,15,74,4,14,9.0,9,0.8,11,45,17.49
598,46,29,68,5,66,9,7,7.3,2,2.6,9,51,6.88
599,43,0,35,24,192,2,15,6.5,9,0.2,7,66,19.71
600,48,4,38,11,115,3,18,8.6,3,0.4,0,80,0.0
601,34,19,49,21,190,8,10,4.1,4,9.1,11,64,16.78
602,54,7,30,16,193,6,1,7.6,1,3.5,1,81,0.0
603,55,11,37,19,18,8,16,8.4,1,4.1,10,42,0.0
604,56,0,52,21,31,7,15,4.3,1,0.2,11,42,24.64
605,22,19,32,14,150,5,14,6.3,9,2.7,9,59,17.39
606,42,27,33,9,98,9,12,5.0,8,8.0,5,67,0.0
607,27,11,54,10,185,4,14,6.8,5,6.2,0,62,7.85
608,49,27,67,17,27,6,3,7.2,5,7.5,9,87,0.0
609,38,14,44,20,124,2,15,5.5,9,4.5,2,42,18.26
610,26,5,50,17,177,2,11,6.3,3,3.1,6,81,6.32
611,52,19,64,8,154,2,3,5.4,3,4.8,11,63,8.29
612,26,13,43,15,152,7,2,5.8,7,3.2,7,82,3.4
613,59,1,65,15,115,2,16,4.8,9,8.4,3,79,0.96
614,24,8,41,5,24,2,17,8.4,6,3.0,11,45,0.0
615,44,19,46,16,72,9,17,4.1,2,6.6,2,59,4.2
616,58,25,68,4,176,7,16,8.4,1,1.4,0,50,11.59
617,58,28,38,6,22,3,11,6.9,2,6.9,11,71,0.0
618,31,0,64,2,90,3,3,5.7,1,9.1,8,99,0.0
619,31,34,42,4,41,7,11,7.6,10,6.1,9,66,3.74
620,40,5,44,16,146,5,19,6.5,10,5.6,5,60,11.36
621,38,4,47,9,49,6,14,6.5,9,9.6,5,83,0.0
622,42,32,62,5,157,8,15,4.6,10,6.3,8,87,27.66
623,35,13,35,3,91,9,4,5.9,8,2.6,0,89,0.0
624,30,11,56,11,86,1,14,5.2,7,2.9,5,52,4.52
625,22,19,52,5,85,3,16,4.1,3,7.1,11,61,2.98
626,34,23,56,4,181,7,17,5.8,8,7.4,4,74,16.03
627,25,33,63,3,47,6,4,4.4,2,3.0,12,86,0.0
628,22,24,67,18,197,7,12,5.3,2,3.5,10,61,23.3
629,53,28,43,24,80,8,18,4.5,10,9.9,14,67,7.15
630,55,30,65,22,57,6,12,4.5,3,1.0,5,60,15.4
631,49,22,37,21,27,3,17,5.0,7,4.0,13,85,0.0
632,52,19,64,24,153,2,13,9.0,1,0.6,10,57,3.96
633,29,22,48,14,192,7,3,4.0,8,8.2,7,70,10.23
634,47,15,59,6,48,1,3,7.2,7,0.9,4,99,0.0
635,55,7,43,22,196,3,19,4.7,4,6.7,1,85,0.0
636,24,20,49,10,98,4,19,8.6,5,0.6,11,76,0.0
637,33,0,54,23,71,1,18,4.5,10,6.7,11,60,11.74
638,22,7,69,7,150,5,12,8.8,1,8.4,1,53,1.39
639,26,28,53,6,118,3,11,7.1,4,4.0,9,64,0.0
640,51,31,43,11,90,2,6,4.0,1,5.2,4,66,0.0
641,51,4,55,9,143,3,11,8.5,1,4.0,2,79,0.0
642,38,21,67,8,86,8,3,6.6,10,3.0,9,99,12.23
643,44,33,52,8,197,6,1,5.3,1,8.0,2,99,0.0
644,36,0,51,7,99,7,1,7.8,7,2.7,7,62,8.79
645,58,25,48,22,23,6,4,8.6,7,7.2,6,70,0.0
646,42,9,32,21,104,6,9,6.4,4,2.1,0,86,0.0
647,35,29,71,4,63,3,9,5.6,2,2.5,11,99,0.0
648,23,17,48,20,141,8,8,7.9,3,3.4,12,68,0.0
649,32,16,38,23,48,7,12,7.4,8,5.9,11,86,0.0
650,59,25,57,16,81,7,6,8.4,8,4.5,4,69,0.0
651,55,7,49,5,34,6,4,7.5,6,7.5,8,90,0.0
652,59,11,74,13,86,5,9,5.2,10,2.1,3,65,31.22
653,55,26,36,7,169,8,9,8.7,9,0.1,0,59,13.77
654,39,7,43,20,196,5,5,4.5,9,7.8,7,77,9.77
655,51,24,38,5,175,9,18,5.3,4,8.2,4,58,4.29
656,36,3,48,16,129,9,7,6.6,1,0.6,1,66,12.72
657,48,32,43,10,62,1,0,6.8,1,6.1,14,64,0.0
658,55,0,67,6,165,6,16,4.1,10,3.8,11,79,33.86
659,59,18,65,14,140,7,6,7.9,5,7.9,0,77,0.0
660,54,30,69,24,159,3,13,5.8,2,8.7,13,91,0.0
661,45,15,46,19,105,7,16,6.0,6,8.5,11,62,0.0
662,36,13,59,6,175,7,8,8.0,7,7.8,11,68,4.44
663,51,4,38,17,81,2,16,5.9,1,2.7,11,54,0.0
664,38,25,62,20,71,7,4,4.2,6,8.1,2,98,0.0
665,26,27,54,15,194,1,19,4.9,8,5.3,8,42,33.58
666,50,1,43,17,15,5,7,8.8,5,0.5,0,49,0.0
667,25,5,40,16,41,9,5,4.4,7,4.6,3,54,7.57
668,31,8,64,23,108,7,10,5.8,10,9.4,7,95,7.66
669,38,32,70,5,147,7,18,6.5,6,8.9,7,55,12.94
670,31,24,43,8,140,2,3,6.5,4,1.0,9,56,4.16
671,38,12,59,17,196,8,17,4.0,7,7.4,11,58,30.47
672,41,8,70,23,85,3,0,6.5,10,8.1,10,50,15.53
673,45,12,33,22,186,8,12,5.9,9,2.7,12,87,13.63
674,26,30,33,23,68,3,13,8.9,10,4.7,10,44,3.42
675,55,10,57,22,40,7,0,4.8,10,7.1,7,44,28.38
676,27,3,37,9,102,2,10,5.8,7,4.4,9,97,0.0
677,23,33,31,18,78,4,16,6.1,5,1.1,7,53,2.11
678,34,3,70,17,199,6,3,6.0,7,7.1,3,89,20.99
679,32,18,51,24,61,9,11,7.3,3,9.1,7,65,0.0
680,44,5,70,11,98,5,9,5.1,2,6.5,8,47,7.1
681,37,33,45,11,136,9,5,5.1,5,7.7,6,44,17.02
682,52,17,58,3,178,5,0,7.6,4,3.6,13,46,14.89
683,32,12,59,10,40,8,6,6.5,5,1.8,11,55,6.97
684,37,22,41,18,93,1,15,6.1,8,6.4,1,94,0.0
685,29,18,64,12,136,7,13,4.8,4,3.3,8,53,24.96
686,25,10,40,11,159,4,19,4.9,9,8.6,10,76,0.0
687,25,0,50,23,141,5,19,4.1,7,1.2,7,95,5.73
688,46,23,50,18,22,6,5,4.5,10,4.3,12,80,3.81
689,24,6,34,5,54,5,4,6.8,7,4.0,4,43,0.81
690,53,24,49,17,136,1,17,8.5,8,9.4,14,75,0.0
691,24,20,66,21,179,9,14,5.4,6,1.5,11,87,35.03
692,48,14,32,16,123,2,5,5.6,8,0.1,2,95,0.0
693,50,0,73,22,186,9,18,4.6,3,2.4,6,56,45.19
694,53,11,62,6,29,2,0,5.9,10,8.2,13,86,0.0
695,40,6,38,7,90,9,0,4.2,10,2.1,13,75,14.26
696,42,14,38,18,191,6,12,8.6,1,2.4,14,45,0.0
697,26,20,33,2,173,9,2,7.4,6,1.3,1,55,12.93
698,39,18,64,20,138,6,9,9.0,1,7.2,12,68,0.0
699,49,28,46,5,152,6,2,8.4,9,0.7,2,75,11.79
700,43,24,63,18,26,2,8,6.4,2,3.3,11,77,0.0
701,42,32,53,10,161,8,7,6.6,2,2.8,8,76,0.0
702,27,31,61,3,67,3,2,5.0,7,5.6,3,87,0.0
703,22,34,30,9,81,7,12,6.3,2,7.3,3,96,0.0
704,26,25,37,16,118,5,5,8.5,10,5.3,2,87,0.0
705,33,10,74,8,32,3,12,4.3,8,9.3,4,49,18.97
706,47,34,52,7,183,1,19,8.3,6,9.5,2,80,0.0
707,55,7,69,2,81,8,19,5.7,7,3.6,8,75,13.22
708,35,13,41,16,17,3,11,8.5,7,7.8,14,68,0.0
709,47,9,41,24,68,2,12,8.7,6,7.4,2,53,0.0
710,48,1,44,8,120,1,1,7.4,10,8.9,1,43,1.25
711,30,8,70,18,196,4,15,7.3,9,4.5,11,83,18.03
712,47,2,48,3,22,8,5,6.3,9,5.3,4,95,0.0
713,43,20,55,10,176,3,18,8.2,7,4.2,5,81,0.0
714,51,25,58,10,165,1,12,8.8,9,8.5,0,75,0.0
715,38,7,51,14,198,4,16,7.9,10,2.3,13,89,14.44
716,47,1,69,7,25,9,8,7.1,3,2.4,11,84,0.0
717,57,5,50,7,128,1,16,7.0,3,3.7,10,52,0.0
718,22,27,67,21,11,2,1,8.2,1,2.3,5,85,0.0
719,29,28,49,21,154,9,18,6.7,5,5.6,9,57,20.8
720,56,25,58,22,39,2,18,8.0,4,1.3,2,72,0.0
721,36,24,33,4,112,3,6,6.5,2,3.2,3,60,0.0
722,43,11,36,18,22,7,9,4.3,9,9.1,5,55,2.93
723,35,4,57,18,105,3,9,5.9,3,4.1,7,54,8.12
724,47,33,57,13,103,9,19,6.2,8,7.5,14,93,7.35
725,49,14,33,17,91,6,8,4.7,6,1.1,8,96,0.0
726,44,14,51,16,22,3,16,4.5,5,2.5,5,44,4.31
727,35,22,41,14,180,9,14,6.7,1,8.1,6,45,0.0
728,45,5,74,24,103,1,1,4.4,4,7.6,14,77,0.01
729,23,20,32,2,158,3,3,5.5,3,3.9,13,42,4.98
730,47,22,51,18,121,1,18,7.7,1,9.5,4,87,0.0
731,35,15,73,4,64,2,16,8.8,5,9.1,13,51,0.0
732,28,14,31,16,90,8,4,7.6,6,9.6,11,75,0.0
733,24,24,53,5,177,7,6,9.0,2,4.3,14,72,0.0
734,44,10,63,5,125,2,17,7.5,3,2.0,8,75,0.0
735,39,14,56,19,152,2,6,5.5,6,6.3,3,72,1.92
736,59,3,70,18,189,9,16,7.4,4,6.8,9,70,14.85
737,56,20,30,20,117,6,6,7.5,9,1.3,10,60,12.38
738,36,12,37,12,62,5,3,5.9,5,7.9,5,66,0.0
739,46,21,52,21,137,6,7,4.1,4,0.2,4,66,18.69
740,58,18,67,4,189,9,12,7.5,2,4.8,0,47,26.41
741,49,33,35,9,167,7,3,4.1,6,3.3,4,95,0.28
742,31,13,51,15,170,9,5,7.2,10,7.4,12,76,13.35
743,38,3,54,2,66,4,4,4.8,2,3.1,4,71,0.0
744,43,26,47,15,61,2,11,6.8,7,8.3,13,65,0.0
745,47,28,46,3,146,8,3,6.5,3,5.9,8,41,6.06
746,46,27,41,24,191,4,8,4.1,9,7.9,0,51,13.82
747,38,34,35,5,120,9,3,5.8,5,9.9,14,61,0.0
748,34,7,55,20,10,4,18,7.0,8,6.8,4,56,4.47
749,41,15,56,7,53,8,13,8.2,6,9.8,14,46,0.0
750,46,29,37,2,84,9,4,8.4,10,0.3,6,82,0.0
751,25,17,48,18,107,9,17,6.4,8,3.4,10,43,34.24
752,31,1,71,9,18,4,9,7.6,3,1.1,5,76,0.0
753,24,12,30,20,41,1,18,5.6,3,2.6,5,77,0.0
754,39,3,58,22,24,3,11,5.7,5,8.4,11,71,0.0
755,57,25,74,2,149,9,17,5.0,10,0.3,6,50,43.97
756,43,24,64,6,194,4,16,6.8,3,5.2,5,40,23.82
757,55,29,69,17,145,5,10,5.6,8,5.7,4,64,23.97
758,29,10,43,7,81,7,2,4.4,10,5.6,9,81,11.62
759,40,6,64,9,164,5,16,7.4,8,4.8,4,91,5.23
760,58,30,74,14,199,4,0,7.5,2,7.9,8,63,9.65
761,27,9,49,17,21,2,14,5.8,4,1.3,13,92,0.0
762,47,12,42,4,74,2,8,4.4,10,3.1,7,82,0.0
763,55,30,67,20,116,4,14,6.1,1,6.2,13,95,0.0
764,27,6,37,13,51,9,2,6.2,4,6.9,11,56,0.0
765,58,19,72,17,199,8,18,7.3,4,4.0,14,47,31.55
766,54,3,49,12,124,3,12,5.6,10,8.8,9,98,0.0
767,43,6,62,11,148,9,11,7.4,9,4.2,13,84,5.76
768,42,0,55,21,112,5,19,8.4,3,4.0,3,66,0.0
769,27,12,68,5,180,3,0,5.2,2,0.4,3,91,15.38
770,27,21,50,13,104,5,16,8.9,9,5.5,9,57,0.96
771,25,20,71,24,26,4,12,5.9,9,7.1,4,66,6.56
772,51,21,72,3,169,8,0,5.3,1,1.1,12,61,18.16
773,32,27,70,23,94,5,9,6.1,6,3.1,12,55,28.7
774,51,8,38,20,177,8,14,4.5,10,7.8,2,41,25.05
775,52,25,53,6,160,9,6,4.6,8,3.7,14,44,32.44
776,45,8,66,9,65,4,17,6.1,3,2.4,7,57,11.06
777,30,14,70,8,143,7,15,7.8,9,6.7,6,42,27.69
778,24,9,46,15,95,2,13,8.5,2,2.0,4,66,0.0
779,52,23,53,24,187,6,17,7.3,6,9.0,9,93,0.0
780,58,7,50,4,111,8,6,4.5,1,1.1,2,56,18.48
781,57,23,68,19,174,7,16,7.4,7,7.1,14,55,15.32
782,45,15,70,17,63,7,17,7.2,3,5.0,4,45,9.25
783,52,25,68,24,186,8,11,8.0,7,8.7,2,90,0.0
784,27,26,42,20,124,7,7,8.1,4,1.3,9,46,15.29
785,23,3,40,20,148,5,1,8.3,9,6.8,4,89,0.0
786,41,23,48,19,97,7,6,6.1,5,5.7,0,53,3.45
787,49,18,40,21,58,3,3,7.5,3,4.8,5,77,0.0
788,32,9,42,17,158,5,17,5.3,8,4.9,9,79,0.0
789,25,24,74,9,124,7,5,9.0,6,7.2,3,54,11.48
790,36,17,30,2,72,9,8,4.9,2,9.4,3,86,0.0
791,27,18,69,18,113,2,8,4.1,3,0.9,7,86,4.22
792,51,9,73,13,92,4,13,4.7,8,0.2,1,87,16.6
793,59,32,48,22,112,7,7,7.9,10,8.1,3,72,0.0
794,23,4,41,12,165,1,18,6.2,7,1.1,14,82,0.0
795,36,34,37,6,26,2,2,6.2,10,9.9,1,66,0.0
796,32,33,37,13,15,9,17,8.8,6,6.2,0,68,0.0
797,29,32,74,18,156,7,4,8.6,1,6.5,9,96,0.0
798,47,20,41,7,193,7,13,5.6,9,2.0,12,76,6.37
799,26,16,62,2,37,6,3,5.0,3,2.4,12,44,20.6
800,27,21,74,6,47,3,6,8.2,5,6.6,2,68,0.0
801,47,14,55,15,128,3,19,8.5,7,9.1,11,71,0.0
802,25,34,68,6,46,2,11,6.7,7,9.8,7,99,0.0
803,40,27,57,23,124,6,1,7.1,3,2.0,5,92,0.15
804,41,6,34,2,77,4,10,5.3,4,1.3,11,45,5.42
805,54,31,37,19,186,5,13,8.0,10,0.6,6,41,25.75
806,41,10,54,17,52,3,15,7.2,7,8.7,1,45,0.0
807,33,9,56,10,173,6,19,6.5,8,2.9,5,85,11.03
808,22,8,52,20,67,3,5,4.3,2,0.0,13,82,2.88
809,47,13,59,23,22,8,3,8.6,9,2.2,7,43,21.64
810,35,12,74,6,61,9,14,7.1,7,3.4,7,95,4.14
811,59,24,52,3,67,4,0,5.0,8,9.9,3,68,0.0
812,58,1,49,16,41,9,6,7.0,6,5.2,5,98,0.0
813,32,34,47,8,114,7,11,7.4,6,2.0,13,64,2.88
814,57,6,47,5,197,3,9,6.6,9,3.3,4,48,12.5
815,34,20,31,2,92,7,4,7.6,4,3.3,8,95,0.0
816,24,17,33,14,195,1,11,6.9,5,0.2,7,42,7.62
817,54,2,59,21,108,3,17,8.7,9,1.4,1,65,12.37
818,27,10,62,23,113,6,9,4.3,1,7.0,11,87,3.28
819,31,23,65,8,193,4,5,4.5,4,1.2,12,82,20.24
820,26,18,47,16,37,7,11,4.9,7,2.3,6,66,16.23
821,44,3,66,24,138,3,6,7.5,9,3.5,6,75,9.99
822,31,25,48,15,179,1,17,7.2,10,7.6,10,71,6.54
823,23,31,57,24,57,9,1,8.5,6,5.8,13,40,19.13
824,34,32,69,20,49,6,9,7.7,8,6.9,13,96,0.0
825,23,2,49,23,106,8,14,6.5,9,5.7,11,92,14.46
826,41,8,62,21,123,3,11,9.0,10,6.8,0,93,0.0
827,22,7,41,19,141,8,16,5.3,4,0.0,0,55,17.36
828,58,32,44,11,175,2,3,8.2,1,9.3,11,90,0.0
829,30,5,70,10,164,4,6,6.1,8,1.1,3,87,19.92
830,38,3,68,9,146,3,8,7.2,2,4.1,4,50,3.09
831,30,12,31,11,120,1,18,7.6,1,7.7,14,65,0.0
832,32,1,58,18,153,7,6,7.2,7,4.4,3,79,11.78
833,36,4,70,3,193,2,1,4.7,10,9.5,6,94,4.22
834,45,26,39,7,85,4,5,6.2,9,4.7,2,40,9.75
835,59,31,31,6,40,9,17,6.8,9,8.7,6,65,0.0
836,56,20,40,10,128,6,5,8.2,3,8.1,12,67,0.0
837,51,7,42,6,151,8,12,6.2,6,9.8,7,92,0.0
838,52,7,39,19,34,2,18,8.6,7,9.3,5,97,0.0
839,26,2,43,21,43,7,1,6.2,10,9.0,5,48,2.33
840,35,2,47,10,76,6,11,6.7,9,7.3,7,99,0.0
841,32,21,38,18,161,9,14,8.0,2,3.7,7,98,0.0
842,30,5,68,18,127,7,13,6.9,8,1.1,6,83,11.22
843,55,1,57,13,82,1,5,8.8,7,6.9,5,61,0.0
844,33,22,32,8,35,8,17,7.3,4,9.8,5,47,0.0
845,56,1,49,4,157,3,4,6.6,2,7.3,9,97,0.0
846,56,16,35,11,113,2,17,4.1,8,9.3,10,88,0.0
847,22,34,56,3,19,3,2,6.1,5,8.0,12,81,0.0
848,43,33,31,4,76,6,2,5.5,6,1.6,12,66,0.0
849,50,22,58,17,161,3,9,7.7,7,2.5,5,78,6.13
850,29,29,67,3,14,5,18,5.0,10,3.4,7,58,23.26
851,32,7,32,11,195,6,2,5.0,1,1.7,0,64,6.97
852,58,21,45,7,36,8,11,4.9,8,5.8,4,77,0.27
853,35,4,59,23,122,7,15,4.6,4,9.8,2,60,8.64
854,51,12,69,12,24,8,16,5.6,9,7.6,11,63,9.56
855,56,28,31,24,172,3,6,8.4,1,4.2,7,63,0.0
856,42,30,46,8,114,4,12,7.9,2,0.0,10,99,0.0
857,58,15,70,16,190,6,1,7.7,6,3.1,5,99,13.1
858,26,29,41,7,53,7,3,8.0,10,5.3,13,58,0.0
859,40,15,64,21,35,9,9,5.3,1,3.2,1,89,0.0
860,35,11,72,10,184,1,6,8.4,4,1.1,14,86,4.19
861,47,16,30,23,171,8,16,4.7,8,4.4,12,41,29.12
862,25,15,74,21,104,8,19,5.7,10,2.5,6,53,43.68
863,46,11,44,13,187,6,5,6.9,5,9.1,6,92,0.0
864,46,7,55,20,93,4,18,4.5,9,1.0,12,71,16.59
865,39,19,66,21,149,3,4,7.7,6,0.5,4,81,17.4
866,29,2,50,4,141,3,9,5.9,1,0.1,7,71,5.3
867,35,15,60,16,96,6,8,7.9,6,3.3,13,67,0.0
868,53,29,54,3,185,8,12,6.5,6,6.6,4,87,0.71
869,59,22,52,22,192,7,18,4.9,6,7.3,0,78,16.62
870,54,27,53,3,121,1,5,7.7,8,4.5,8,79,0.0
871,44,4,67,23,138,6,3,5.3,6,6.8,3,81,6.48
872,36,19,57,4,98,7,2,6.5,5,3.6,12,86,0.0
873,54,0,50,7,75,7,2,4.4,2,6.7,1,79,0.0
874,46,29,72,16,167,9,3,7.1,4,0.4,3,52,34.4
875,38,20,47,11,140,5,4,7.3,10,3.9,13,51,23.9
876,54,19,65,10,131,1,7,5.9,5,7.9,12,47,1.59
877,23,5,64,2,158,2,15,8.8,10,8.0,8,54,5.25
878,35,21,74,17,93,4,2,8.4,4,7.2,1,65,0.0
879,27,17,38,7,186,5,11,7.5,2,2.0,3,51,1.63
880,27,7,67,10,125,9,7,7.6,7,2.5,1,82,13.53
881,24,31,59,5,199,1,12,5.3,10,10.0,4,90,13.04
882,28,32,73,3,125,3,3,7.3,10,1.0,2,85,22.3
883,29,15,63,5,47,5,13,5.0,2,1.8,9,66,0.0
884,36,11,61,2,152,3,13,4.7,1,1.3,1,57,6.65
885,50,33,32,20,119,4,12,9.0,5,3.3,13,84,0.0
886,54,13,32,11,189,3,5,7.1,1,2.1,8,75,0.0
887,51,32,57,22,55,4,16,6.2,1,5.0,4,88,0.0
888,48,22,73,16,34,1,3,5.4,1,4.8,9,90,0.0
889,57,1,44,23,30,8,7,7.0,6,9.0,4,66,0.0
890,50,20,70,20,130,4,16,4.2,9,0.3,0,48,40.85
891,59,1,52,17,131,7,2,4.5,10,3.2,5,94,27.05
892,54,26,69,22,142,2,16,4.2,1,6.0,12,78,0.0
893,58,8,40,23,79,2,8,6.5,5,6.0,6,40,0.0
894,48,0,61,5,122,6,1,7.0,9,4.8,0,46,24.21
895,54,10,65,3,116,2,12,4.3,9,8.2,8,65,8.12
896,25,2,62,14,121,6,19,7.6,1,0.6,7,46,6.47
897,43,22,53,2,117,2,1,5.2,8,8.2,11,91,0.0
898,23,25,68,18,56,4,19,7.4,1,4.9,13,46,9.14
899,31,3,63,14,100,7,10,8.9,8,1.3,13,47,18.84
900,26,17,57,5,27,8,14,7.5,1,8.9,7,55,0.0
901,31,5,66,8,158,3,10,8.4,5,6.5,6,42,9.6
902,54,34,36,18,113,9,2,8.7,8,1.6,4,84,0.0
903,59,21,33,10,160,2,2,6.4,6,0.3,2,49,22.79
904,34,14,66,5,49,8,11,7.5,9,1.4,14,89,2.62
905,52,21,30,20,147,8,4,8.3,1,6.1,11,46,0.0
906,57,11,30,2,98,4,19,5.8,9,1.8,13,60,9.12
907,45,17,49,11,189,1,6,5.3,1,2.3,8,92,0.0
908,36,34,48,5,70,1,6,8.7,10,0.3,13,76,0.0
909,50,29,58,10,14,2,12,7.6,10,7.2,6,70,0.0
910,29,23,39,14,131,9,8,5.1,3,8.1,10,62,0.0
911,26,29,47,15,190,2,12,6.2,1,8.0,9,96,0.0
912,50,13,57,11,64,2,11,8.0,3,1.3,9,66,0.0
913,25,5,64,7,46,6,12,6.7,2,9.0,7,95,0.0
914,33,2,72,17,65,7,9,7.2,2,6.7,13,61,1.06
915,23,15,60,7,196,7,0,7.8,9,9.0,5,78,4.77
916,48,6,56,18,111,9,7,7.1,8,4.5,11,96,5.34
917,52,13,40,11,102,6,15,6.7,1,4.4,13,66,0.0
918,57,8,67,19,82,8,12,7.7,4,7.8,10,93,0.0
919,57,14,34,23,68,6,2,7.6,1,0.9,13,88,0.0
920,47,20,37,19,11,2,2,7.1,1,5.2,4,43,0.0
921,48,34,63,4,113,1,4,5.8,4,8.4,14,63,0.0
922,26,1,41,21,197,5,10,6.0,2,8.3,7,62,0.0
923,41,26,67,22,60,9,6,8.9,3,9.6,2,87,0.0
924,32,1,30,16,39,8,9,4.6,9,7.0,11,58,1.69
925,31,34,60,16,20,4,9,5.3,2,2.1,12,81,0.0
926,59,17,33,5,117,5,19,6.5,4,0.2,12,42,8.08
927,27,13,74,10,85,5,1,8.2,1,4.8,6,66,0.0
928,29,19,34,20,176,6,2,4.8,2,5.1,1,42,7.84
929,44,17,59,18,99,3,7,5.4,5,2.4,2,67,8.66
930,47,9,53,12,132,5,10,4.3,10,1.2,14,56,32.94
931,33,24,32,10,198,2,12,7.5,1,5.9,12,70,0.0
932,47,1,40,11,134,1,6,5.2,7,7.6,11,49,0.0
933,34,24,74,19,191,1,12,5.9,4,9.9,14,88,0.0
934,39,32,33,21,131,7,1,6.2,6,7.6,1,61,0.0
935,46,30,55,14,103,2,5,8.5,8,7.9,4,69,0.0
936,54,13,56,9,112,4,8,6.1,6,6.2,6,88,0.0
937,33,0,72,8,195,5,19,4.7,2,9.9,10,60,9.46
938,57,15,56,18,193,7,1,6.6,1,6.4,9,75,0.0
939,25,2,71,22,171,2,17,8.8,8,8.6,10,92,4.31
940,26,34,35,24,40,6,15,7.0,8,9.5,10,62,0.0
941,58,5,44,16,61,1,11,8.9,9,9.3,10,77,0.0
942,29,24,59,21,98,7,6,8.2,6,3.8,14,51,8.62
943,49,12,71,16,85,9,6,4.2,1,0.8,9,64,26.95
944,52,33,66,2,138,5,16,7.3,9,1.7,14,93,10.84
945,30,7,66,15,192,5,12,5.4,3,0.6,14,96,14.43
946,50,20,71,6,31,4,10,6.8,6,1.1,14,59,10.95
947,35,33,66,12,49,3,5,5.4,10,1.8,12,88,15.06
948,43,3,64,17,110,9,13,5.7,10,3.4,13,88,25.55
949,32,24,52,3,120,5,5,8.6,9,5.4,0,81,0.0
950,44,14,35,9,138,8,5,5.0,3,7.1,12,46,0.0
951,22,3,33,12,74,9,1,8.4,5,2.1,9,68,0.0
952,58,11,47,19,191,5,19,4.2,5,6.7,8,87,3.38
953,42,31,38,4,179,9,14,4.5,10,7.0,0,68,7.45
954,47,31,58,2,158,2,16,8.3,7,5.6,0,52,4.0
955,57,27,42,12,88,9,7,7.2,4,9.0,13,42,0.0
956,44,12,46,17,31,4,4,7.7,4,1.1,14,41,10.17
957,22,30,74,19,175,6,16,5.0,7,1.8,11,55,43.22
958,36,13,61,17,108,6,19,6.7,9,4.3,9,69,15.4
959,42,19,51,24,17,6,0,7.7,4,1.3,7,77,0.0
960,30,17,33,11,199,2,17,7.1,4,5.7,5,45,0.0
961,30,28,34,19,184,7,14,6.4,6,4.0,5,84,4.21
962,31,5,66,7,26,6,4,8.8,6,2.8,11,46,3.53
963,47,31,70,20,26,1,6,7.4,7,1.7,8,44,26.28
964,56,28,42,5,99,2,17,8.5,1,3.4,14,95,0.0
965,46,1,63,14,150,7,5,7.6,3,6.1,3,46,11.44
966,47,22,74,15,154,1,4,7.7,9,5.8,7,73,3.87
967,32,18,51,4,175,1,18,4.4,6,1.6,3,71,16.64
968,59,30,52,11,90,1,9,5.8,6,1.2,13,88,0.0
969,23,4,32,7,87,8,14,8.3,5,0.3,1,52,1.97
970,28,18,71,2,182,4,9,5.2,3,0.1,10,69,24.96
971,39,33,63,24,15,4,15,4.6,5,8.8,14,64,0.0
972,48,9,61,15,172,2,11,5.6,1,0.5,7,60,21.58
973,55,24,74,9,119,1,17,5.1,3,7.3,11,99,0.0
974,48,1,50,20,23,9,0,8.6,4,8.7,6,98,0.0
975,38,10,73,15,81,7,15,8.3,5,1.0,3,60,9.2
976,45,30,50,11,198,4,5,6.5,10,4.4,8,67,21.75
977,46,14,73,18,152,6,2,4.3,9,9.6,14,87,16.14
978,28,8,40,10,63,2,1,7.6,4,8.3,8,97,0.0
979,27,22,68,7,36,7,1,7.1,3,4.9,7,59,0.0
980,45,18,33,12,22,2,12,8.9,10,7.6,13,73,0.0
981,54,8,30,8,168,8,8,6.8,1,8.3,0,44,0.0
982,50,34,57,18,172,8,15,5.7,10,3.5,6,57,36.21
983,43,20,53,2,69,1,4,6.6,6,8.9,4,99,0.0
984,47,8,64,23,15,8,6,8.9,7,4.7,6,78,0.0
985,49,27,42,6,67,2,12,7.5,10,5.3,11,82,0.0
986,42,6,63,10,58,6,19,7.4,8,10.0,8,96,0.0
987,28,15,40,19,160,1,12,5.2,1,8.4,1,96,0.0
988,38,15,65,22,171,5,6,7.7,4,3.6,12,50,18.8
989,41,32,46,3,35,7,9,7.8,5,0.1,13,93,0.0
990,41,3,64,12,56,1,14,5.6,2,6.3,10,56,0.0
991,43,3,47,7,14,2,5,6.4,1,7.0,3,87,0.0
992,49,16,69,9,29,7,4,5.5,8,6.5,3,84,0.41
993,28,28,51,5,143,6,1,5.3,6,9.7,1,61,0.0
994,22,34,53,19,68,3,14,4.1,5,8.6,2,76,0.0
995,53,6,48,12,155,2,15,5.4,9,4.5,10,59,12.07
996,34,26,66,6,141,4,18,6.8,2,0.6,13,87,3.73
997,51,27,68,16,26,3,8,4.0,10,4.8,13,99,3.04
998,44,21,50,19,23,7,18,5.4,8,6.9,12,93,0.0
999,40,13,37,3,22,8,6,8.4,10,6.1,7,93,0.0
1000,53,6,57,23,144,2,3,7.0,9,5.4,11,87,3.4
